DROP TABLE IF EXISTS Property;
DROP TABLE IF EXISTS Bookmarks;
DROP TABLE IF EXISTS User;
CREATE TABLE Property (street VARCHAR(255), unit VARCHAR(127), zipcode VARCHAR(31), owner VARCHAR(127), startDate DATE, endDate DATE, price VARCHAR(31), available BOOL, numOfRoommates INT, PRIMARY KEY (street, unit, zipcode));
CREATE TABLE User (email VARCHAR(255) PRIMARY KEY, passphrase VARCHAR(511), phone VARCHAR(31), name VARCHAR(127));
CREATE TABLE Bookmarks (email VARCHAR(255), street VARCHAR(255), unit VARCHAR(127), zipcode VARCHAR(31), PRIMARY KEY (email, street, unit, zipcode));
INSERT INTO User (email, passphrase, name, phone) VALUES ('elliotmike@ufl.edu',sha1('elliotmike'),'Elliot Mike','325256944');
INSERT INTO User (email, passphrase, name, phone) VALUES ('richmichelle@ufl.edu',sha1('richmichelle'),'Rich Michelle','325257139');
INSERT INTO User (email, passphrase, name, phone) VALUES ('georginaishaan@ufl.edu',sha1('georginaishaan'),'Georgina Ishaan','325423429');
INSERT INTO User (email, passphrase, name, phone) VALUES ('sallyjulia@ufl.edu',sha1('sallyjulia'),'Sally Julia','325697291');
INSERT INTO User (email, passphrase, name, phone) VALUES ('ishaanjay@ufl.edu',sha1('ishaanjay'),'Ishaan Jay','325605091');
INSERT INTO User (email, passphrase, name, phone) VALUES ('jackjames@ufl.edu',sha1('jackjames'),'Jack James','325869326');
INSERT INTO User (email, passphrase, name, phone) VALUES ('rockyalwardi@ufl.edu',sha1('rockyalwardi'),'Rocky Alwardi','325848729');
INSERT INTO User (email, passphrase, name, phone) VALUES ('elliotjohn@ufl.edu',sha1('elliotjohn'),'Elliot John','325530316');
INSERT INTO User (email, passphrase, name, phone) VALUES ('annaalwardi@ufl.edu',sha1('annaalwardi'),'Anna Alwardi','325268563');
INSERT INTO User (email, passphrase, name, phone) VALUES ('georginahannah@ufl.edu',sha1('georginahannah'),'Georgina Hannah','325409306');
INSERT INTO User (email, passphrase, name, phone) VALUES ('elliotaleena@ufl.edu',sha1('elliotaleena'),'Elliot Aleena','325482453');
INSERT INTO User (email, passphrase, name, phone) VALUES ('jamesmaxwell@ufl.edu',sha1('jamesmaxwell'),'James Maxwell','325536540');
INSERT INTO User (email, passphrase, name, phone) VALUES ('blainishaan@ufl.edu',sha1('blainishaan'),'Blain Ishaan','325514238');
INSERT INTO User (email, passphrase, name, phone) VALUES ('johnjay@ufl.edu',sha1('johnjay'),'John Jay','325492691');
INSERT INTO User (email, passphrase, name, phone) VALUES ('gomezjulia@ufl.edu',sha1('gomezjulia'),'Gomez Julia','325237979');
INSERT INTO User (email, passphrase, name, phone) VALUES ('aleenarich@ufl.edu',sha1('aleenarich'),'Aleena Rich','325476893');
INSERT INTO User (email, passphrase, name, phone) VALUES ('blakemichelle@ufl.edu',sha1('blakemichelle'),'Blake Michelle','325627259');
INSERT INTO User (email, passphrase, name, phone) VALUES ('mayaleena@ufl.edu',sha1('mayaleena'),'May Aleena','325351826');
INSERT INTO User (email, passphrase, name, phone) VALUES ('wilcoxmaxwell@ufl.edu',sha1('wilcoxmaxwell'),'Wilcox Maxwell','325807141');
INSERT INTO User (email, passphrase, name, phone) VALUES ('elliotmaxwell@ufl.edu',sha1('elliotmaxwell'),'Elliot Maxwell','325689309');
INSERT INTO User (email, passphrase, name, phone) VALUES ('jamesjane@ufl.edu',sha1('jamesjane'),'James Jane','325844898');
INSERT INTO User (email, passphrase, name, phone) VALUES ('georginaaelly@ufl.edu',sha1('georginaaelly'),'Georgina Aelly','325139353');
INSERT INTO User (email, passphrase, name, phone) VALUES ('gomezrocky@ufl.edu',sha1('gomezrocky'),'Gomez Rocky','325207275');
INSERT INTO User (email, passphrase, name, phone) VALUES ('mikeishaan@ufl.edu',sha1('mikeishaan'),'Mike Ishaan','325954814');
INSERT INTO User (email, passphrase, name, phone) VALUES ('mayishaan@ufl.edu',sha1('mayishaan'),'May Ishaan','325619872');
INSERT INTO User (email, passphrase, name, phone) VALUES ('billhannah@ufl.edu',sha1('billhannah'),'Bill Hannah','325144746');
INSERT INTO User (email, passphrase, name, phone) VALUES ('juliaishaan@ufl.edu',sha1('juliaishaan'),'Julia Ishaan','325715685');
INSERT INTO User (email, passphrase, name, phone) VALUES ('ishaanmichelle@ufl.edu',sha1('ishaanmichelle'),'Ishaan Michelle','325119780');
INSERT INTO User (email, passphrase, name, phone) VALUES ('hernandezishaan@ufl.edu',sha1('hernandezishaan'),'Hernandez Ishaan','325468978');
INSERT INTO User (email, passphrase, name, phone) VALUES ('blakehannah@ufl.edu',sha1('blakehannah'),'Blake Hannah','325666087');
INSERT INTO User (email, passphrase, name, phone) VALUES ('mayaelly@ufl.edu',sha1('mayaelly'),'May Aelly','325635602');
INSERT INTO User (email, passphrase, name, phone) VALUES ('billmike@ufl.edu',sha1('billmike'),'Bill Mike','325283831');
INSERT INTO User (email, passphrase, name, phone) VALUES ('richardsonjohn@ufl.edu',sha1('richardsonjohn'),'Richardson John','325923949');
INSERT INTO User (email, passphrase, name, phone) VALUES ('sallyhannah@ufl.edu',sha1('sallyhannah'),'Sally Hannah','325413033');
INSERT INTO User (email, passphrase, name, phone) VALUES ('alwardielliot@ufl.edu',sha1('alwardielliot'),'Alwardi Elliot','325794968');
INSERT INTO User (email, passphrase, name, phone) VALUES ('wilcoxalwardi@ufl.edu',sha1('wilcoxalwardi'),'Wilcox Alwardi','325497197');
INSERT INTO User (email, passphrase, name, phone) VALUES ('elliotishaan@ufl.edu',sha1('elliotishaan'),'Elliot Ishaan','325485172');
INSERT INTO User (email, passphrase, name, phone) VALUES ('janeishaan@ufl.edu',sha1('janeishaan'),'Jane Ishaan','325212492');
INSERT INTO User (email, passphrase, name, phone) VALUES ('blainanna@ufl.edu',sha1('blainanna'),'Blain Anna','325647736');
INSERT INTO User (email, passphrase, name, phone) VALUES ('maxwelljay@ufl.edu',sha1('maxwelljay'),'Maxwell Jay','325533233');
INSERT INTO User (email, passphrase, name, phone) VALUES ('jamesrocky@ufl.edu',sha1('jamesrocky'),'James Rocky','325169314');
INSERT INTO User (email, passphrase, name, phone) VALUES ('michellealwardi@ufl.edu',sha1('michellealwardi'),'Michelle Alwardi','325599467');
INSERT INTO User (email, passphrase, name, phone) VALUES ('johnjulia@ufl.edu',sha1('johnjulia'),'John Julia','325612021');
INSERT INTO User (email, passphrase, name, phone) VALUES ('sallymay@ufl.edu',sha1('sallymay'),'Sally May','325498972');
INSERT INTO User (email, passphrase, name, phone) VALUES ('ashleyjay@ufl.edu',sha1('ashleyjay'),'Ashley Jay','325581084');
INSERT INTO User (email, passphrase, name, phone) VALUES ('aleenawilcox@ufl.edu',sha1('aleenawilcox'),'Aleena Wilcox','325226390');
INSERT INTO User (email, passphrase, name, phone) VALUES ('hernandezrocky@ufl.edu',sha1('hernandezrocky'),'Hernandez Rocky','325280422');
INSERT INTO User (email, passphrase, name, phone) VALUES ('maymaxwell@ufl.edu',sha1('maymaxwell'),'May Maxwell','325255417');
INSERT INTO User (email, passphrase, name, phone) VALUES ('wilcoxjane@ufl.edu',sha1('wilcoxjane'),'Wilcox Jane','325325761');
INSERT INTO User (email, passphrase, name, phone) VALUES ('maxwellhannah@ufl.edu',sha1('maxwellhannah'),'Maxwell Hannah','325375906');
INSERT INTO Property (street, unit, zipcode, owner, startDate, endDate, price, available, numOfRoommates) VALUES ('4872 19th Lane','4','32603','Elliot Ishaan',STR_TO_DATE('07/06/25', '%m/%d/%y'),STR_TO_DATE('05/08/26', '%m/%d/%y'),4900,'0',4);
INSERT INTO Property (street, unit, zipcode, owner, startDate, endDate, price, available, numOfRoommates) VALUES ('1606 11th Lane','19','32603','Elliot Ishaan',STR_TO_DATE('12/09/24', '%m/%d/%y'),STR_TO_DATE('09/08/25', '%m/%d/%y'),5000,'0',3);
INSERT INTO Property (street, unit, zipcode, owner, startDate, endDate, price, available, numOfRoommates) VALUES ('4691 20th Street','13','32611','Ashley Jay',STR_TO_DATE('05/14/25', '%m/%d/%y'),STR_TO_DATE('02/09/26', '%m/%d/%y'),1700,'0',0);
INSERT INTO Property (street, unit, zipcode, owner, startDate, endDate, price, available, numOfRoommates) VALUES ('2770 10th Boulevard','4','32610','Mike Ishaan',STR_TO_DATE('08/13/25', '%m/%d/%y'),STR_TO_DATE('03/19/26', '%m/%d/%y'),1800,'1',2);
INSERT INTO Property (street, unit, zipcode, owner, startDate, endDate, price, available, numOfRoommates) VALUES ('1302 8th Street','5','32608','Maxwell Jay',STR_TO_DATE('11/29/24', '%m/%d/%y'),STR_TO_DATE('05/08/25', '%m/%d/%y'),1500,'1',0);
INSERT INTO Property (street, unit, zipcode, owner, startDate, endDate, price, available, numOfRoommates) VALUES ('3455 6th Ave','2','32608','Hernandez Rocky',STR_TO_DATE('09/14/25', '%m/%d/%y'),STR_TO_DATE('02/15/26', '%m/%d/%y'),3200,'1',0);
INSERT INTO Property (street, unit, zipcode, owner, startDate, endDate, price, available, numOfRoommates) VALUES ('5186 18th Lane','20','32605','Rocky Alwardi',STR_TO_DATE('10/23/25', '%m/%d/%y'),STR_TO_DATE('06/11/26', '%m/%d/%y'),3700,'0',0);
INSERT INTO Property (street, unit, zipcode, owner, startDate, endDate, price, available, numOfRoommates) VALUES ('5345 4th Avenue','1','32610','Georgina Ishaan',STR_TO_DATE('09/05/25', '%m/%d/%y'),STR_TO_DATE('02/24/26', '%m/%d/%y'),3200,'0',0);
INSERT INTO Property (street, unit, zipcode, owner, startDate, endDate, price, available, numOfRoommates) VALUES ('1739 17th Lane','20','32602','Wilcox Alwardi',STR_TO_DATE('03/10/25', '%m/%d/%y'),STR_TO_DATE('11/03/25', '%m/%d/%y'),3900,'0',2);
INSERT INTO Property (street, unit, zipcode, owner, startDate, endDate, price, available, numOfRoommates) VALUES ('4719 4th St','5','32611','May Maxwell',STR_TO_DATE('03/22/25', '%m/%d/%y'),STR_TO_DATE('12/07/25', '%m/%d/%y'),4400,'0',3);
INSERT INTO Property (street, unit, zipcode, owner, startDate, endDate, price, available, numOfRoommates) VALUES ('1767 9th Street','16','32609','Julia Ishaan',STR_TO_DATE('10/13/25', '%m/%d/%y'),STR_TO_DATE('07/30/26', '%m/%d/%y'),2300,'0',1);
INSERT INTO Property (street, unit, zipcode, owner, startDate, endDate, price, available, numOfRoommates) VALUES ('1030 14th Boulevard','17','32602','Blake Michelle',STR_TO_DATE('07/31/25', '%m/%d/%y'),STR_TO_DATE('02/20/26', '%m/%d/%y'),3100,'0',4);
INSERT INTO Property (street, unit, zipcode, owner, startDate, endDate, price, available, numOfRoommates) VALUES ('4140 18th Ln','18','32607','Ishaan Jay',STR_TO_DATE('02/03/25', '%m/%d/%y'),STR_TO_DATE('09/06/25', '%m/%d/%y'),3200,'0',3);
INSERT INTO Property (street, unit, zipcode, owner, startDate, endDate, price, available, numOfRoommates) VALUES ('2065 4th Avenue','8','32610','May Maxwell',STR_TO_DATE('08/14/25', '%m/%d/%y'),STR_TO_DATE('05/31/26', '%m/%d/%y'),1700,'0',2);
INSERT INTO Property (street, unit, zipcode, owner, startDate, endDate, price, available, numOfRoommates) VALUES ('5951 7th Boulevard','19','32612','Sally Julia',STR_TO_DATE('03/13/25', '%m/%d/%y'),STR_TO_DATE('01/05/26', '%m/%d/%y'),1800,'0',4);
INSERT INTO Property (street, unit, zipcode, owner, startDate, endDate, price, available, numOfRoommates) VALUES ('1897 12th Ln','8','32602','Blain Ishaan',STR_TO_DATE('01/11/25', '%m/%d/%y'),STR_TO_DATE('07/27/25', '%m/%d/%y'),1600,'0',2);
INSERT INTO Property (street, unit, zipcode, owner, startDate, endDate, price, available, numOfRoommates) VALUES ('3952 19th Ave','10','32607','Rocky Alwardi',STR_TO_DATE('09/09/25', '%m/%d/%y'),STR_TO_DATE('03/04/26', '%m/%d/%y'),4800,'0',4);
INSERT INTO Property (street, unit, zipcode, owner, startDate, endDate, price, available, numOfRoommates) VALUES ('4514 6th St','3','32601','Alwardi Elliot',STR_TO_DATE('01/23/25', '%m/%d/%y'),STR_TO_DATE('11/11/25', '%m/%d/%y'),1500,'1',4);
INSERT INTO Property (street, unit, zipcode, owner, startDate, endDate, price, available, numOfRoommates) VALUES ('4340 20th Street','0','32612','Ishaan Jay',STR_TO_DATE('11/28/24', '%m/%d/%y'),STR_TO_DATE('08/19/25', '%m/%d/%y'),2300,'1',3);
INSERT INTO Property (street, unit, zipcode, owner, startDate, endDate, price, available, numOfRoommates) VALUES ('3330 13th Avenue','7','32604','James Rocky',STR_TO_DATE('01/31/25', '%m/%d/%y'),STR_TO_DATE('08/22/25', '%m/%d/%y'),2500,'1',1);
INSERT INTO Property (street, unit, zipcode, owner, startDate, endDate, price, available, numOfRoommates) VALUES ('2410 18th Ln','12','32607','Blake Hannah',STR_TO_DATE('02/01/25', '%m/%d/%y'),STR_TO_DATE('09/10/25', '%m/%d/%y'),4600,'1',0);
INSERT INTO Property (street, unit, zipcode, owner, startDate, endDate, price, available, numOfRoommates) VALUES ('1637 17th Avenue','12','32605','Anna Alwardi',STR_TO_DATE('01/04/25', '%m/%d/%y'),STR_TO_DATE('10/19/25', '%m/%d/%y'),2700,'0',4);
INSERT INTO Property (street, unit, zipcode, owner, startDate, endDate, price, available, numOfRoommates) VALUES ('5814 11th Boulevard','18','32609','May Maxwell',STR_TO_DATE('08/16/25', '%m/%d/%y'),STR_TO_DATE('05/17/26', '%m/%d/%y'),1900,'0',4);
INSERT INTO Property (street, unit, zipcode, owner, startDate, endDate, price, available, numOfRoommates) VALUES ('3005 16th Avenue','16','32607','Elliot Ishaan',STR_TO_DATE('01/07/25', '%m/%d/%y'),STR_TO_DATE('11/05/25', '%m/%d/%y'),3100,'0',1);
INSERT INTO Property (street, unit, zipcode, owner, startDate, endDate, price, available, numOfRoommates) VALUES ('5876 4th Ln','6','32612','Elliot Aleena',STR_TO_DATE('07/13/25', '%m/%d/%y'),STR_TO_DATE('03/15/26', '%m/%d/%y'),3700,'1',4);
INSERT INTO Property (street, unit, zipcode, owner, startDate, endDate, price, available, numOfRoommates) VALUES ('4776 8th Ln','1','32609','James Rocky',STR_TO_DATE('04/01/25', '%m/%d/%y'),STR_TO_DATE('11/18/25', '%m/%d/%y'),1800,'1',4);
INSERT INTO Property (street, unit, zipcode, owner, startDate, endDate, price, available, numOfRoommates) VALUES ('2317 4th Blvd','7','32605','Elliot Aleena',STR_TO_DATE('08/10/25', '%m/%d/%y'),STR_TO_DATE('03/03/26', '%m/%d/%y'),2200,'1',1);
INSERT INTO Property (street, unit, zipcode, owner, startDate, endDate, price, available, numOfRoommates) VALUES ('2188 12th Lane','13','32608','May Aelly',STR_TO_DATE('03/04/25', '%m/%d/%y'),STR_TO_DATE('08/24/25', '%m/%d/%y'),2500,'1',4);
INSERT INTO Property (street, unit, zipcode, owner, startDate, endDate, price, available, numOfRoommates) VALUES ('3082 4th Street','6','32602','Sally Julia',STR_TO_DATE('03/19/25', '%m/%d/%y'),STR_TO_DATE('10/01/25', '%m/%d/%y'),4300,'1',1);
INSERT INTO Property (street, unit, zipcode, owner, startDate, endDate, price, available, numOfRoommates) VALUES ('2084 16th Avenue','17','32603','Julia Ishaan',STR_TO_DATE('04/16/25', '%m/%d/%y'),STR_TO_DATE('12/31/25', '%m/%d/%y'),4900,'1',0);
INSERT INTO Property (street, unit, zipcode, owner, startDate, endDate, price, available, numOfRoommates) VALUES ('3630 18th Ave','13','32605','Bill Mike',STR_TO_DATE('03/15/25', '%m/%d/%y'),STR_TO_DATE('09/20/25', '%m/%d/%y'),1800,'1',3);
INSERT INTO Property (street, unit, zipcode, owner, startDate, endDate, price, available, numOfRoommates) VALUES ('5524 8th Lane','19','32612','Sally May',STR_TO_DATE('12/09/24', '%m/%d/%y'),STR_TO_DATE('10/14/25', '%m/%d/%y'),3300,'1',3);
INSERT INTO Property (street, unit, zipcode, owner, startDate, endDate, price, available, numOfRoommates) VALUES ('3705 11th Ln','12','32608','James Jane',STR_TO_DATE('06/27/25', '%m/%d/%y'),STR_TO_DATE('05/04/26', '%m/%d/%y'),5000,'1',1);
INSERT INTO Property (street, unit, zipcode, owner, startDate, endDate, price, available, numOfRoommates) VALUES ('4396 11th St','20','32609','Blake Hannah',STR_TO_DATE('10/27/25', '%m/%d/%y'),STR_TO_DATE('05/08/26', '%m/%d/%y'),4600,'0',1);
INSERT INTO Property (street, unit, zipcode, owner, startDate, endDate, price, available, numOfRoommates) VALUES ('3124 4th Boulevard','14','32602','Elliot Ishaan',STR_TO_DATE('04/09/25', '%m/%d/%y'),STR_TO_DATE('01/18/26', '%m/%d/%y'),2600,'1',4);
INSERT INTO Property (street, unit, zipcode, owner, startDate, endDate, price, available, numOfRoommates) VALUES ('5701 20th St','1','32603','Blake Hannah',STR_TO_DATE('02/08/25', '%m/%d/%y'),STR_TO_DATE('01/04/26', '%m/%d/%y'),2300,'0',3);
INSERT INTO Bookmarks (email, street, unit , zipcode) VALUES ('hernandezrocky@ufl.edu', '3455 6th Ave', '2', '32608');
INSERT INTO Bookmarks (email, street, unit , zipcode) VALUES ('rockyalwardi@ufl.edu', '5186 18th Lane', '20', '32605');
INSERT INTO Bookmarks (email, street, unit , zipcode) VALUES ('wilcoxalwardi@ufl.edu', '1739 17th Lane', '20', '32602');
INSERT INTO Bookmarks (email, street, unit , zipcode) VALUES ('juliaishaan@ufl.edu', '1767 9th Street', '16', '32609');
INSERT INTO Bookmarks (email, street, unit , zipcode) VALUES ('sallyjulia@ufl.edu', '5951 7th Boulevard', '19', '32612');
INSERT INTO Bookmarks (email, street, unit , zipcode) VALUES ('ishaanjay@ufl.edu', '4340 20th Street', '0', '32612');
INSERT INTO Bookmarks (email, street, unit , zipcode) VALUES ('maymaxwell@ufl.edu', '5814 11th Boulevard', '18', '32609');
INSERT INTO Bookmarks (email, street, unit , zipcode) VALUES ('elliotaleena@ufl.edu', '5876 4th Ln', '6', '32612');
INSERT INTO Bookmarks (email, street, unit , zipcode) VALUES ('elliotaleena@ufl.edu', '2317 4th Blvd', '7', '32605');
INSERT INTO Bookmarks (email, street, unit , zipcode) VALUES ('elliotishaan@ufl.edu', '3124 4th Boulevard', '14', '32602');
INSERT INTO Bookmarks (email, street, unit , zipcode) VALUES ('blakehannah@ufl.edu', '5701 20th St', '1', '32603');
