DROP TABLE IF EXISTS Property;
DROP TABLE IF EXISTS Leases;
DROP TABLE IF EXISTS User;
CREATE TABLE Property (street VARCHAR(255), unit VARCHAR(127), zipcode VARCHAR(31), owner VARCHAR(127), startDate DATE, endDate DATE, price VARCHAR(31), available BOOL, numOfRoommates INT, PRIMARY KEY (street, unit, zipcode));
CREATE TABLE User (email VARCHAR(255) PRIMARY KEY, passphrase VARCHAR(511), phone VARCHAR(31), name VARCHAR(127));
CREATE TABLE Leases (email VARCHAR(255), street VARCHAR(255), unit VARCHAR(127), zipcode VARCHAR(31), PRIMARY KEY (street, unit, zipcode));
INSERT INTO User (email, passphrase, name, phone) VALUES ('hernandezjane@ufl.edu',sha1('hernandezjane'),'Hernandez Jane','325351278');
INSERT INTO User (email, passphrase, name, phone) VALUES ('jacksally@ufl.edu',sha1('jacksally'),'Jack Sally','325362002');
INSERT INTO User (email, passphrase, name, phone) VALUES ('maysally@ufl.edu',sha1('maysally'),'May Sally','325126640');
INSERT INTO User (email, passphrase, name, phone) VALUES ('janeblake@ufl.edu',sha1('janeblake'),'Jane Blake','325132666');
INSERT INTO User (email, passphrase, name, phone) VALUES ('gomezjack@ufl.edu',sha1('gomezjack'),'Gomez Jack','325919653');
INSERT INTO User (email, passphrase, name, phone) VALUES ('georginajames@ufl.edu',sha1('georginajames'),'Georgina James','325730064');
INSERT INTO User (email, passphrase, name, phone) VALUES ('blakesally@ufl.edu',sha1('blakesally'),'Blake Sally','325233281');
INSERT INTO User (email, passphrase, name, phone) VALUES ('jackaleena@ufl.edu',sha1('jackaleena'),'Jack Aleena','325846460');
INSERT INTO User (email, passphrase, name, phone) VALUES ('elliotaelly@ufl.edu',sha1('elliotaelly'),'Elliot Aelly','325201052');
INSERT INTO User (email, passphrase, name, phone) VALUES ('wilcoxrich@ufl.edu',sha1('wilcoxrich'),'Wilcox Rich','325239709');
INSERT INTO User (email, passphrase, name, phone) VALUES ('blakealwardi@ufl.edu',sha1('blakealwardi'),'Blake Alwardi','325118342');
INSERT INTO User (email, passphrase, name, phone) VALUES ('alwardijay@ufl.edu',sha1('alwardijay'),'Alwardi Jay','325685246');
INSERT INTO User (email, passphrase, name, phone) VALUES ('billaelly@ufl.edu',sha1('billaelly'),'Bill Aelly','325640786');
INSERT INTO User (email, passphrase, name, phone) VALUES ('maygeorgina@ufl.edu',sha1('maygeorgina'),'May Georgina','325170501');
INSERT INTO User (email, passphrase, name, phone) VALUES ('georginajohn@ufl.edu',sha1('georginajohn'),'Georgina John','325656762');
INSERT INTO User (email, passphrase, name, phone) VALUES ('billgomez@ufl.edu',sha1('billgomez'),'Bill Gomez','325274925');
INSERT INTO User (email, passphrase, name, phone) VALUES ('janeblain@ufl.edu',sha1('janeblain'),'Jane Blain','325946099');
INSERT INTO User (email, passphrase, name, phone) VALUES ('wilcoxishaan@ufl.edu',sha1('wilcoxishaan'),'Wilcox Ishaan','325761683');
INSERT INTO User (email, passphrase, name, phone) VALUES ('georginarichardson@ufl.edu',sha1('georginarichardson'),'Georgina Richardson','325607125');
INSERT INTO User (email, passphrase, name, phone) VALUES ('bobjack@ufl.edu',sha1('bobjack'),'Bob Jack','325219577');
INSERT INTO Property (street, unit, zipcode, owner, startDate, endDate, price, available, numOfRoommates) VALUES ('5339 8th St','14','32608','Elliot Aelly',STR_TO_DATE('06/16/25', '%m/%d/%y'),STR_TO_DATE('02/08/26', '%m/%d/%y'),4000,'0',3);
INSERT INTO Property (street, unit, zipcode, owner, startDate, endDate, price, available, numOfRoommates) VALUES ('4559 12th Avenue','3','32606','Jack Aleena',STR_TO_DATE('08/13/25', '%m/%d/%y'),STR_TO_DATE('06/20/26', '%m/%d/%y'),3000,'1',1);
INSERT INTO Property (street, unit, zipcode, owner, startDate, endDate, price, available, numOfRoommates) VALUES ('4449 16th St','16','32610','Alwardi Jay',STR_TO_DATE('02/10/25', '%m/%d/%y'),STR_TO_DATE('10/06/25', '%m/%d/%y'),4000,'1',3);
INSERT INTO Property (street, unit, zipcode, owner, startDate, endDate, price, available, numOfRoommates) VALUES ('3867 15th St','19','32608','Bob Jack',STR_TO_DATE('12/17/24', '%m/%d/%y'),STR_TO_DATE('10/23/25', '%m/%d/%y'),4100,'0',2);
INSERT INTO Property (street, unit, zipcode, owner, startDate, endDate, price, available, numOfRoommates) VALUES ('5867 5th Boulevard','15','32603','Gomez Jack',STR_TO_DATE('08/18/25', '%m/%d/%y'),STR_TO_DATE('06/21/26', '%m/%d/%y'),4800,'1',1);
INSERT INTO Property (street, unit, zipcode, owner, startDate, endDate, price, available, numOfRoommates) VALUES ('5071 18th Lane','5','32612','Jack Aleena',STR_TO_DATE('01/27/25', '%m/%d/%y'),STR_TO_DATE('07/14/25', '%m/%d/%y'),3000,'0',1);
INSERT INTO Property (street, unit, zipcode, owner, startDate, endDate, price, available, numOfRoommates) VALUES ('1894 5th Avenue','20','32605','Bob Jack',STR_TO_DATE('05/28/25', '%m/%d/%y'),STR_TO_DATE('04/26/26', '%m/%d/%y'),1000,'0',3);
INSERT INTO Property (street, unit, zipcode, owner, startDate, endDate, price, available, numOfRoommates) VALUES ('5592 13th Street','7','32610','Georgina James',STR_TO_DATE('11/17/24', '%m/%d/%y'),STR_TO_DATE('05/30/25', '%m/%d/%y'),3500,'0',2);
INSERT INTO Property (street, unit, zipcode, owner, startDate, endDate, price, available, numOfRoommates) VALUES ('3516 8th Lane','0','32608','Jack Aleena',STR_TO_DATE('03/04/25', '%m/%d/%y'),STR_TO_DATE('08/09/25', '%m/%d/%y'),1300,'1',0);
INSERT INTO Property (street, unit, zipcode, owner, startDate, endDate, price, available, numOfRoommates) VALUES ('1242 6th Boulevard','3','32608','Hernandez Jane',STR_TO_DATE('08/14/25', '%m/%d/%y'),STR_TO_DATE('01/05/26', '%m/%d/%y'),4600,'1',4);
INSERT INTO Property (street, unit, zipcode, owner, startDate, endDate, price, available, numOfRoommates) VALUES ('2028 9th Lane','11','32607','Blake Alwardi',STR_TO_DATE('04/02/25', '%m/%d/%y'),STR_TO_DATE('01/28/26', '%m/%d/%y'),4200,'1',0);
INSERT INTO Property (street, unit, zipcode, owner, startDate, endDate, price, available, numOfRoommates) VALUES ('3995 17th Street','14','32611','Blake Alwardi',STR_TO_DATE('08/01/25', '%m/%d/%y'),STR_TO_DATE('06/04/26', '%m/%d/%y'),5000,'1',1);
INSERT INTO Property (street, unit, zipcode, owner, startDate, endDate, price, available, numOfRoommates) VALUES ('4526 19th Ln','4','32604','Jack Sally',STR_TO_DATE('12/24/24', '%m/%d/%y'),STR_TO_DATE('10/08/25', '%m/%d/%y'),4200,'0',2);
INSERT INTO Property (street, unit, zipcode, owner, startDate, endDate, price, available, numOfRoommates) VALUES ('5865 16th Street','5','32609','Elliot Aelly',STR_TO_DATE('08/17/25', '%m/%d/%y'),STR_TO_DATE('01/15/26', '%m/%d/%y'),4600,'1',1);
INSERT INTO Property (street, unit, zipcode, owner, startDate, endDate, price, available, numOfRoommates) VALUES ('4596 4th Ln','11','32601','Georgina James',STR_TO_DATE('10/07/25', '%m/%d/%y'),STR_TO_DATE('05/27/26', '%m/%d/%y'),3000,'1',4);
INSERT INTO Leases (email, street, unit , zipcode) VALUES ('elliotaelly@ufl.edu', '5339 8th St', '14', '32608');
INSERT INTO Leases (email, street, unit , zipcode) VALUES ('jackaleena@ufl.edu', '4559 12th Avenue', '3', '32606');
INSERT INTO Leases (email, street, unit , zipcode) VALUES ('alwardijay@ufl.edu', '4449 16th St', '16', '32610');
INSERT INTO Leases (email, street, unit , zipcode) VALUES ('bobjack@ufl.edu', '3867 15th St', '19', '32608');
INSERT INTO Leases (email, street, unit , zipcode) VALUES ('gomezjack@ufl.edu', '5867 5th Boulevard', '15', '32603');
INSERT INTO Leases (email, street, unit , zipcode) VALUES ('jackaleena@ufl.edu', '5071 18th Lane', '5', '32612');
INSERT INTO Leases (email, street, unit , zipcode) VALUES ('bobjack@ufl.edu', '1894 5th Avenue', '20', '32605');
INSERT INTO Leases (email, street, unit , zipcode) VALUES ('georginajames@ufl.edu', '5592 13th Street', '7', '32610');
INSERT INTO Leases (email, street, unit , zipcode) VALUES ('jackaleena@ufl.edu', '3516 8th Lane', '0', '32608');
INSERT INTO Leases (email, street, unit , zipcode) VALUES ('hernandezjane@ufl.edu', '1242 6th Boulevard', '3', '32608');
INSERT INTO Leases (email, street, unit , zipcode) VALUES ('blakealwardi@ufl.edu', '2028 9th Lane', '11', '32607');
INSERT INTO Leases (email, street, unit , zipcode) VALUES ('blakealwardi@ufl.edu', '3995 17th Street', '14', '32611');
INSERT INTO Leases (email, street, unit , zipcode) VALUES ('jacksally@ufl.edu', '4526 19th Ln', '4', '32604');
INSERT INTO Leases (email, street, unit , zipcode) VALUES ('elliotaelly@ufl.edu', '5865 16th Street', '5', '32609');
INSERT INTO Leases (email, street, unit , zipcode) VALUES ('georginajames@ufl.edu', '4596 4th Ln', '11', '32601');
