DROP TABLE IF EXISTS Property;
DROP TABLE IF EXISTS Bookmarks;
DROP TABLE IF EXISTS User;
CREATE TABLE Property (street VARCHAR(255), unit VARCHAR(127), zipcode VARCHAR(31), owner VARCHAR(127), contact VARCHAR(127), startDate DATE, endDate DATE, price VARCHAR(31), available BOOL, numOfRoommates INT, description varchar(1023), PRIMARY KEY (street, unit, zipcode));
CREATE TABLE User (email VARCHAR(255) PRIMARY KEY, passphrase VARCHAR(511), phone VARCHAR(31), name VARCHAR(127));
CREATE TABLE Bookmarks (email VARCHAR(255), street VARCHAR(255), unit VARCHAR(127), zipcode VARCHAR(31), PRIMARY KEY (email, street, unit, zipcode));
INSERT INTO User (email, passphrase, name, phone) VALUES ('richardsonsimpson@ufl.edu',sha1('richardsonsimpson'),'Richardson Simpson','3258749289');
INSERT INTO User (email, passphrase, name, phone) VALUES ('wilcoxjason@ufl.edu',sha1('wilcoxjason'),'Wilcox Jason','3253219143');
INSERT INTO User (email, passphrase, name, phone) VALUES ('robgokujackson@ufl.edu',sha1('robgokujackson'),'RobGoku Jackson','3257989763');
INSERT INTO User (email, passphrase, name, phone) VALUES ('blainlily@ufl.edu',sha1('blainlily'),'Blain Lily','3254402835');
INSERT INTO User (email, passphrase, name, phone) VALUES ('kingmorgan@ufl.edu',sha1('kingmorgan'),'King Morgan','3255000723');
INSERT INTO User (email, passphrase, name, phone) VALUES ('douglasgeorgina@ufl.edu',sha1('douglasgeorgina'),'Douglas Georgina','3251938979');
INSERT INTO User (email, passphrase, name, phone) VALUES ('georginaandrea@ufl.edu',sha1('georginaandrea'),'Georgina Andrea','3255020603');
INSERT INTO User (email, passphrase, name, phone) VALUES ('andrewdoug@ufl.edu',sha1('andrewdoug'),'Andrew Doug','3253581672');
INSERT INTO User (email, passphrase, name, phone) VALUES ('samanthajames@ufl.edu',sha1('samanthajames'),'Samantha James','3258420816');
INSERT INTO User (email, passphrase, name, phone) VALUES ('charliemorgan@ufl.edu',sha1('charliemorgan'),'Charlie Morgan','3257606735');
INSERT INTO User (email, passphrase, name, phone) VALUES ('mannmaxwell@ufl.edu',sha1('mannmaxwell'),'Mann Maxwell','3259737222');
INSERT INTO User (email, passphrase, name, phone) VALUES ('lamarbanks@ufl.edu',sha1('lamarbanks'),'Lamar Banks','3254539677');
INSERT INTO User (email, passphrase, name, phone) VALUES ('morgenchristopher@ufl.edu',sha1('morgenchristopher'),'Morgen Christopher','3257288651');
INSERT INTO User (email, passphrase, name, phone) VALUES ('hernandezhannah@ufl.edu',sha1('hernandezhannah'),'Hernandez Hannah','3251989560');
INSERT INTO User (email, passphrase, name, phone) VALUES ('wilcoxcharlie@ufl.edu',sha1('wilcoxcharlie'),'Wilcox Charlie','3255113199');
INSERT INTO User (email, passphrase, name, phone) VALUES ('rizzlermaxwell@ufl.edu',sha1('rizzlermaxwell'),'Rizzler Maxwell','3257140063');
INSERT INTO User (email, passphrase, name, phone) VALUES ('robgokualeena@ufl.edu',sha1('robgokualeena'),'RobGoku Aleena','3255570084');
INSERT INTO User (email, passphrase, name, phone) VALUES ('philipblake@ufl.edu',sha1('philipblake'),'Philip Blake','3251279626');
INSERT INTO User (email, passphrase, name, phone) VALUES ('samanthajack@ufl.edu',sha1('samanthajack'),'Samantha Jack','3251685838');
INSERT INTO User (email, passphrase, name, phone) VALUES ('joesally@ufl.edu',sha1('joesally'),'Joe Sally','3258640929');
INSERT INTO User (email, passphrase, name, phone) VALUES ('marioluigi@ufl.edu',sha1('marioluigi'),'Mario Luigi','3251435465');
INSERT INTO User (email, passphrase, name, phone) VALUES ('chessieabigail@ufl.edu',sha1('chessieabigail'),'Chessie Abigail','3256552942');
INSERT INTO User (email, passphrase, name, phone) VALUES ('joebanks@ufl.edu',sha1('joebanks'),'Joe Banks','3251198735');
INSERT INTO User (email, passphrase, name, phone) VALUES ('obamajoe@ufl.edu',sha1('obamajoe'),'Obama Joe','3258051702');
INSERT INTO User (email, passphrase, name, phone) VALUES ('douglasleif@ufl.edu',sha1('douglasleif'),'Douglas Leif','3254685625');
INSERT INTO User (email, passphrase, name, phone) VALUES ('jamesrobgoku@ufl.edu',sha1('jamesrobgoku'),'James RobGoku','3252600121');
INSERT INTO User (email, passphrase, name, phone) VALUES ('alliegomez@ufl.edu',sha1('alliegomez'),'Allie Gomez','3256210606');
INSERT INTO User (email, passphrase, name, phone) VALUES ('kingalwardi@ufl.edu',sha1('kingalwardi'),'King Alwardi','3252929904');
INSERT INTO User (email, passphrase, name, phone) VALUES ('doggjulia@ufl.edu',sha1('doggjulia'),'Dogg Julia','3251374791');
INSERT INTO User (email, passphrase, name, phone) VALUES ('annageorgina@ufl.edu',sha1('annageorgina'),'Anna Georgina','3256613763');
INSERT INTO User (email, passphrase, name, phone) VALUES ('hernandezisabel@ufl.edu',sha1('hernandezisabel'),'Hernandez Isabel','3252588632');
INSERT INTO User (email, passphrase, name, phone) VALUES ('aellyashley@ufl.edu',sha1('aellyashley'),'Aelly Ashley','3258725521');
INSERT INTO User (email, passphrase, name, phone) VALUES ('leviyahtzee@ufl.edu',sha1('leviyahtzee'),'Levi Yahtzee','3255146975');
INSERT INTO User (email, passphrase, name, phone) VALUES ('miaalwardi@ufl.edu',sha1('miaalwardi'),'Mia Alwardi','3256716087');
INSERT INTO User (email, passphrase, name, phone) VALUES ('mayeren@ufl.edu',sha1('mayeren'),'May Eren','3258729654');
INSERT INTO User (email, passphrase, name, phone) VALUES ('joanneandrea@ufl.edu',sha1('joanneandrea'),'Joanne Andrea','3257920635');
INSERT INTO User (email, passphrase, name, phone) VALUES ('bankschessie@ufl.edu',sha1('bankschessie'),'Banks Chessie','3252932304');
INSERT INTO User (email, passphrase, name, phone) VALUES ('hannahmia@ufl.edu',sha1('hannahmia'),'Hannah Mia','3259415963');
INSERT INTO User (email, passphrase, name, phone) VALUES ('skywalkergeorgina@ufl.edu',sha1('skywalkergeorgina'),'Skywalker Georgina','3256107996');
INSERT INTO User (email, passphrase, name, phone) VALUES ('juliarizzler@ufl.edu',sha1('juliarizzler'),'Julia Rizzler','3252499223');
INSERT INTO User (email, passphrase, name, phone) VALUES ('mikejohnston@ufl.edu',sha1('mikejohnston'),'Mike Johnston','3254920271');
INSERT INTO User (email, passphrase, name, phone) VALUES ('floridajoe@ufl.edu',sha1('floridajoe'),'Florida Joe','3252368798');
INSERT INTO User (email, passphrase, name, phone) VALUES ('hernandezeren@ufl.edu',sha1('hernandezeren'),'Hernandez Eren','3253905823');
INSERT INTO User (email, passphrase, name, phone) VALUES ('alwardigeorgina@ufl.edu',sha1('alwardigeorgina'),'Alwardi Georgina','3257450138');
INSERT INTO User (email, passphrase, name, phone) VALUES ('andrewabigail@ufl.edu',sha1('andrewabigail'),'Andrew Abigail','3254513122');
INSERT INTO User (email, passphrase, name, phone) VALUES ('margelindsay@ufl.edu',sha1('margelindsay'),'Marge Lindsay','3259365100');
INSERT INTO User (email, passphrase, name, phone) VALUES ('samanthajon@ufl.edu',sha1('samanthajon'),'Samantha Jon','3254817349');
INSERT INTO User (email, passphrase, name, phone) VALUES ('jamesqueen@ufl.edu',sha1('jamesqueen'),'James Queen','3256195939');
INSERT INTO User (email, passphrase, name, phone) VALUES ('abigailjohn@ufl.edu',sha1('abigailjohn'),'Abigail John','3259306386');
INSERT INTO User (email, passphrase, name, phone) VALUES ('skywalkermichelle@ufl.edu',sha1('skywalkermichelle'),'Skywalker Michelle','3253487400');
INSERT INTO User (email, passphrase, name, phone) VALUES ('levifarmer@ufl.edu',sha1('levifarmer'),'Levi Farmer','3252291002');
INSERT INTO User (email, passphrase, name, phone) VALUES ('michellealwardi@ufl.edu',sha1('michellealwardi'),'Michelle Alwardi','3255574208');
INSERT INTO User (email, passphrase, name, phone) VALUES ('morgenaelly@ufl.edu',sha1('morgenaelly'),'Morgen Aelly','3251204458');
INSERT INTO User (email, passphrase, name, phone) VALUES ('yahtzeejason@ufl.edu',sha1('yahtzeejason'),'Yahtzee Jason','3257608167');
INSERT INTO User (email, passphrase, name, phone) VALUES ('michellelindsay@ufl.edu',sha1('michellelindsay'),'Michelle Lindsay','3257222094');
INSERT INTO User (email, passphrase, name, phone) VALUES ('obamablain@ufl.edu',sha1('obamablain'),'Obama Blain','3256277202');
INSERT INTO User (email, passphrase, name, phone) VALUES ('yahtzeealwardi@ufl.edu',sha1('yahtzeealwardi'),'Yahtzee Alwardi','3258977924');
INSERT INTO User (email, passphrase, name, phone) VALUES ('hannahlamar@ufl.edu',sha1('hannahlamar'),'Hannah Lamar','3259839208');
INSERT INTO User (email, passphrase, name, phone) VALUES ('andrewsam@ufl.edu',sha1('andrewsam'),'Andrew Sam','3252852485');
INSERT INTO User (email, passphrase, name, phone) VALUES ('sallyflorida@ufl.edu',sha1('sallyflorida'),'Sally Florida','3258774079');
INSERT INTO User (email, passphrase, name, phone) VALUES ('christophercharlie@ufl.edu',sha1('christophercharlie'),'Christopher Charlie','3257379697');
INSERT INTO User (email, passphrase, name, phone) VALUES ('luigijames@ufl.edu',sha1('luigijames'),'Luigi James','3256007122');
INSERT INTO User (email, passphrase, name, phone) VALUES ('luigirocky@ufl.edu',sha1('luigirocky'),'Luigi Rocky','3259149526');
INSERT INTO User (email, passphrase, name, phone) VALUES ('joshnapoleon@ufl.edu',sha1('joshnapoleon'),'Josh Napoleon','3255574161');
INSERT INTO User (email, passphrase, name, phone) VALUES ('eriksoncharlie@ufl.edu',sha1('eriksoncharlie'),'Erikson Charlie','3253972470');
INSERT INTO User (email, passphrase, name, phone) VALUES ('sallypork@ufl.edu',sha1('sallypork'),'Sally Pork','3251282603');
INSERT INTO User (email, passphrase, name, phone) VALUES ('billchessie@ufl.edu',sha1('billchessie'),'Bill Chessie','3259059188');
INSERT INTO User (email, passphrase, name, phone) VALUES ('billfrank@ufl.edu',sha1('billfrank'),'Bill Frank','3259277053');
INSERT INTO User (email, passphrase, name, phone) VALUES ('kinghannah@ufl.edu',sha1('kinghannah'),'King Hannah','3251359560');
INSERT INTO User (email, passphrase, name, phone) VALUES ('jackcharlie@ufl.edu',sha1('jackcharlie'),'Jack Charlie','3251865214');
INSERT INTO User (email, passphrase, name, phone) VALUES ('isabelelliot@ufl.edu',sha1('isabelelliot'),'Isabel Elliot','3258642488');
INSERT INTO User (email, passphrase, name, phone) VALUES ('joanneeren@ufl.edu',sha1('joanneeren'),'Joanne Eren','3256924670');
INSERT INTO User (email, passphrase, name, phone) VALUES ('annacharlie@ufl.edu',sha1('annacharlie'),'Anna Charlie','3252048870');
INSERT INTO User (email, passphrase, name, phone) VALUES ('richspider@ufl.edu',sha1('richspider'),'Rich Spider','3254184471');
INSERT INTO User (email, passphrase, name, phone) VALUES ('mikelamar@ufl.edu',sha1('mikelamar'),'Mike Lamar','3255820293');
INSERT INTO User (email, passphrase, name, phone) VALUES ('leifmarge@ufl.edu',sha1('leifmarge'),'Leif Marge','3259710722');
INSERT INTO User (email, passphrase, name, phone) VALUES ('joesmith@ufl.edu',sha1('joesmith'),'Joe Smith','3258395615');
INSERT INTO User (email, passphrase, name, phone) VALUES ('juliaqueen@ufl.edu',sha1('juliaqueen'),'Julia Queen','3252202436');
INSERT INTO User (email, passphrase, name, phone) VALUES ('spiderhannah@ufl.edu',sha1('spiderhannah'),'Spider Hannah','3258434340');
INSERT INTO User (email, passphrase, name, phone) VALUES ('aleenaaelly@ufl.edu',sha1('aleenaaelly'),'Aleena Aelly','3259618549');
INSERT INTO User (email, passphrase, name, phone) VALUES ('johnstonblake@ufl.edu',sha1('johnstonblake'),'Johnston Blake','3257401177');
INSERT INTO User (email, passphrase, name, phone) VALUES ('abigailspider@ufl.edu',sha1('abigailspider'),'Abigail Spider','3255814234');
INSERT INTO User (email, passphrase, name, phone) VALUES ('eriksonlamar@ufl.edu',sha1('eriksonlamar'),'Erikson Lamar','3257129328');
INSERT INTO User (email, passphrase, name, phone) VALUES ('hernandezchristopher@ufl.edu',sha1('hernandezchristopher'),'Hernandez Christopher','3255236774');
INSERT INTO User (email, passphrase, name, phone) VALUES ('janemike@ufl.edu',sha1('janemike'),'Jane Mike','3258023084');
INSERT INTO User (email, passphrase, name, phone) VALUES ('jamesmarge@ufl.edu',sha1('jamesmarge'),'James Marge','3256117333');
INSERT INTO User (email, passphrase, name, phone) VALUES ('floridahannah@ufl.edu',sha1('floridahannah'),'Florida Hannah','3257383538');
INSERT INTO User (email, passphrase, name, phone) VALUES ('douglasjon@ufl.edu',sha1('douglasjon'),'Douglas Jon','3252913678');
INSERT INTO User (email, passphrase, name, phone) VALUES ('abbiejames@ufl.edu',sha1('abbiejames'),'Abbie James','3259509614');
INSERT INTO User (email, passphrase, name, phone) VALUES ('rizzlersally@ufl.edu',sha1('rizzlersally'),'Rizzler Sally','3253880405');
INSERT INTO User (email, passphrase, name, phone) VALUES ('ishaansamantha@ufl.edu',sha1('ishaansamantha'),'Ishaan Samantha','3251477466');
INSERT INTO User (email, passphrase, name, phone) VALUES ('richardsonalwardi@ufl.edu',sha1('richardsonalwardi'),'Richardson Alwardi','3254274872');
INSERT INTO User (email, passphrase, name, phone) VALUES ('juliaerikson@ufl.edu',sha1('juliaerikson'),'Julia Erikson','3255592392');
INSERT INTO User (email, passphrase, name, phone) VALUES ('blakechloe@ufl.edu',sha1('blakechloe'),'Blake Chloe','3258232470');
INSERT INTO User (email, passphrase, name, phone) VALUES ('mikedouglas@ufl.edu',sha1('mikedouglas'),'Mike Douglas','3258254723');
INSERT INTO User (email, passphrase, name, phone) VALUES ('richjane@ufl.edu',sha1('richjane'),'Rich Jane','3255593459');
INSERT INTO User (email, passphrase, name, phone) VALUES ('janesatou@ufl.edu',sha1('janesatou'),'Jane Satou','3258968462');
INSERT INTO User (email, passphrase, name, phone) VALUES ('sallyalwardi@ufl.edu',sha1('sallyalwardi'),'Sally Alwardi','3256674511');
INSERT INTO User (email, passphrase, name, phone) VALUES ('blakejane@ufl.edu',sha1('blakejane'),'Blake Jane','3254749520');
INSERT INTO User (email, passphrase, name, phone) VALUES ('levieren@ufl.edu',sha1('levieren'),'Levi Eren','3251902778');
INSERT INTO Property (street, unit, zipcode, owner, contact, startDate, endDate, price, available, numOfRoommates) VALUES ('2196 20th Blvd','12','32611','Richardson Simpson','richardsonsimpson@ufl.edu',STR_TO_DATE('07/13/25', '%m/%d/%y'),STR_TO_DATE('03/11/26', '%m/%d/%y'),4900,'1',0);
INSERT INTO Property (street, unit, zipcode, owner, contact, startDate, endDate, price, available, numOfRoommates) VALUES ('5735 15th Blvd','3','32603','Levi Yahtzee','leviyahtzee@ufl.edu',STR_TO_DATE('03/26/25', '%m/%d/%y'),STR_TO_DATE('12/25/25', '%m/%d/%y'),1600,'0',3);
INSERT INTO Property (street, unit, zipcode, owner, contact, startDate, endDate, price, available, numOfRoommates) VALUES ('1878 10th Blvd','17','32606','Douglas Jon','douglasjon@ufl.edu',STR_TO_DATE('08/25/25', '%m/%d/%y'),STR_TO_DATE('03/03/26', '%m/%d/%y'),2800,'1',2);
INSERT INTO Property (street, unit, zipcode, owner, contact, startDate, endDate, price, available, numOfRoommates) VALUES ('4291 12th Boulevard','17','32612','Abbie James','abbiejames@ufl.edu',STR_TO_DATE('10/07/25', '%m/%d/%y'),STR_TO_DATE('09/15/26', '%m/%d/%y'),3500,'0',2);
INSERT INTO Property (street, unit, zipcode, owner, contact, startDate, endDate, price, available, numOfRoommates) VALUES ('4875 14th Boulevard','15','32603','Florida Joe','floridajoe@ufl.edu',STR_TO_DATE('06/05/25', '%m/%d/%y'),STR_TO_DATE('05/15/26', '%m/%d/%y'),1700,'1',2);
INSERT INTO Property (street, unit, zipcode, owner, contact, startDate, endDate, price, available, numOfRoommates) VALUES ('4580 6th Street','16','32604','Blake Jane','blakejane@ufl.edu',STR_TO_DATE('03/05/25', '%m/%d/%y'),STR_TO_DATE('09/22/25', '%m/%d/%y'),2100,'1',0);
INSERT INTO Property (street, unit, zipcode, owner, contact, startDate, endDate, price, available, numOfRoommates) VALUES ('1889 12th Lane','3','32609','Erikson Charlie','eriksoncharlie@ufl.edu',STR_TO_DATE('03/18/25', '%m/%d/%y'),STR_TO_DATE('10/31/25', '%m/%d/%y'),3000,'0',1);
INSERT INTO Property (street, unit, zipcode, owner, contact, startDate, endDate, price, available, numOfRoommates) VALUES ('1377 14th Street','12','32609','Bill Chessie','billchessie@ufl.edu',STR_TO_DATE('06/17/25', '%m/%d/%y'),STR_TO_DATE('03/15/26', '%m/%d/%y'),4500,'1',0);
INSERT INTO Property (street, unit, zipcode, owner, contact, startDate, endDate, price, available, numOfRoommates) VALUES ('4188 10th Avenue','19','32601','Anna Charlie','annacharlie@ufl.edu',STR_TO_DATE('10/24/25', '%m/%d/%y'),STR_TO_DATE('06/18/26', '%m/%d/%y'),5000,'0',3);
INSERT INTO Property (street, unit, zipcode, owner, contact, startDate, endDate, price, available, numOfRoommates) VALUES ('2964 6th Avenue','13','32612','Blake Chloe','blakechloe@ufl.edu',STR_TO_DATE('05/15/25', '%m/%d/%y'),STR_TO_DATE('04/26/26', '%m/%d/%y'),1900,'0',2);
INSERT INTO Property (street, unit, zipcode, owner, contact, startDate, endDate, price, available, numOfRoommates) VALUES ('1399 6th Ln','17','32611','Levi Yahtzee','leviyahtzee@ufl.edu',STR_TO_DATE('11/10/25', '%m/%d/%y'),STR_TO_DATE('05/16/26', '%m/%d/%y'),1300,'0',1);
INSERT INTO Property (street, unit, zipcode, owner, contact, startDate, endDate, price, available, numOfRoommates) VALUES ('3762 5th Lane','9','32604','Anna Georgina','annageorgina@ufl.edu',STR_TO_DATE('02/12/25', '%m/%d/%y'),STR_TO_DATE('11/16/25', '%m/%d/%y'),3700,'0',3);
INSERT INTO Property (street, unit, zipcode, owner, contact, startDate, endDate, price, available, numOfRoommates) VALUES ('5685 16th Street','13','32604','Mann Maxwell','mannmaxwell@ufl.edu',STR_TO_DATE('12/14/24', '%m/%d/%y'),STR_TO_DATE('09/02/25', '%m/%d/%y'),1000,'1',2);
INSERT INTO Property (street, unit, zipcode, owner, contact, startDate, endDate, price, available, numOfRoommates) VALUES ('2292 17th Avenue','11','32608','Richardson Alwardi','richardsonalwardi@ufl.edu',STR_TO_DATE('07/16/25', '%m/%d/%y'),STR_TO_DATE('03/17/26', '%m/%d/%y'),2600,'1',1);
INSERT INTO Property (street, unit, zipcode, owner, contact, startDate, endDate, price, available, numOfRoommates) VALUES ('1330 10th Street','14','32605','Joanne Eren','joanneeren@ufl.edu',STR_TO_DATE('12/08/24', '%m/%d/%y'),STR_TO_DATE('06/08/25', '%m/%d/%y'),3200,'1',2);
INSERT INTO Property (street, unit, zipcode, owner, contact, startDate, endDate, price, available, numOfRoommates) VALUES ('3827 4th St','2','32610','Richardson Simpson','richardsonsimpson@ufl.edu',STR_TO_DATE('10/18/25', '%m/%d/%y'),STR_TO_DATE('06/29/26', '%m/%d/%y'),3700,'0',0);
INSERT INTO Property (street, unit, zipcode, owner, contact, startDate, endDate, price, available, numOfRoommates) VALUES ('5210 13th Ave','19','32612','Lamar Banks','lamarbanks@ufl.edu',STR_TO_DATE('07/16/25', '%m/%d/%y'),STR_TO_DATE('06/17/26', '%m/%d/%y'),4100,'0',4);
INSERT INTO Property (street, unit, zipcode, owner, contact, startDate, endDate, price, available, numOfRoommates) VALUES ('5192 12th Ave','10','32603','Joe Banks','joebanks@ufl.edu',STR_TO_DATE('09/24/25', '%m/%d/%y'),STR_TO_DATE('08/24/26', '%m/%d/%y'),4200,'1',0);
INSERT INTO Property (street, unit, zipcode, owner, contact, startDate, endDate, price, available, numOfRoommates) VALUES ('2231 9th Blvd','13','32608','Abigail Spider','abigailspider@ufl.edu',STR_TO_DATE('10/11/25', '%m/%d/%y'),STR_TO_DATE('05/02/26', '%m/%d/%y'),4800,'0',1);
INSERT INTO Property (street, unit, zipcode, owner, contact, startDate, endDate, price, available, numOfRoommates) VALUES ('4909 17th Ln','17','32609','Abigail John','abigailjohn@ufl.edu',STR_TO_DATE('12/18/24', '%m/%d/%y'),STR_TO_DATE('09/26/25', '%m/%d/%y'),4800,'0',1);
INSERT INTO Property (street, unit, zipcode, owner, contact, startDate, endDate, price, available, numOfRoommates) VALUES ('4106 18th Avenue','19','32602','Yahtzee Jason','yahtzeejason@ufl.edu',STR_TO_DATE('02/12/25', '%m/%d/%y'),STR_TO_DATE('12/24/25', '%m/%d/%y'),2500,'1',1);
INSERT INTO Property (street, unit, zipcode, owner, contact, startDate, endDate, price, available, numOfRoommates) VALUES ('4602 8th Street','6','32612','Richardson Alwardi','richardsonalwardi@ufl.edu',STR_TO_DATE('07/17/25', '%m/%d/%y'),STR_TO_DATE('02/13/26', '%m/%d/%y'),1600,'0',2);
INSERT INTO Property (street, unit, zipcode, owner, contact, startDate, endDate, price, available, numOfRoommates) VALUES ('3135 19th Avenue','16','32610','Wilcox Charlie','wilcoxcharlie@ufl.edu',STR_TO_DATE('10/20/25', '%m/%d/%y'),STR_TO_DATE('09/23/26', '%m/%d/%y'),2600,'0',0);
INSERT INTO Property (street, unit, zipcode, owner, contact, startDate, endDate, price, available, numOfRoommates) VALUES ('4565 15th Lane','16','32604','Joanne Andrea','joanneandrea@ufl.edu',STR_TO_DATE('04/30/25', '%m/%d/%y'),STR_TO_DATE('03/31/26', '%m/%d/%y'),2600,'1',4);
INSERT INTO Property (street, unit, zipcode, owner, contact, startDate, endDate, price, available, numOfRoommates) VALUES ('4521 5th Ln','5','32609','Abigail John','abigailjohn@ufl.edu',STR_TO_DATE('12/17/24', '%m/%d/%y'),STR_TO_DATE('07/29/25', '%m/%d/%y'),2300,'1',4);
INSERT INTO Property (street, unit, zipcode, owner, contact, startDate, endDate, price, available, numOfRoommates) VALUES ('5167 19th Avenue','8','32601','Morgen Christopher','morgenchristopher@ufl.edu',STR_TO_DATE('08/05/25', '%m/%d/%y'),STR_TO_DATE('02/12/26', '%m/%d/%y'),1400,'0',3);
INSERT INTO Property (street, unit, zipcode, owner, contact, startDate, endDate, price, available, numOfRoommates) VALUES ('3422 7th Boulevard','3','32601','James Marge','jamesmarge@ufl.edu',STR_TO_DATE('10/29/25', '%m/%d/%y'),STR_TO_DATE('05/14/26', '%m/%d/%y'),4000,'1',1);
INSERT INTO Property (street, unit, zipcode, owner, contact, startDate, endDate, price, available, numOfRoommates) VALUES ('1168 8th Blvd','12','32603','Michelle Alwardi','michellealwardi@ufl.edu',STR_TO_DATE('12/19/24', '%m/%d/%y'),STR_TO_DATE('10/24/25', '%m/%d/%y'),2000,'0',1);
INSERT INTO Property (street, unit, zipcode, owner, contact, startDate, endDate, price, available, numOfRoommates) VALUES ('3948 10th Street','0','32604','Charlie Morgan','charliemorgan@ufl.edu',STR_TO_DATE('05/20/25', '%m/%d/%y'),STR_TO_DATE('01/25/26', '%m/%d/%y'),2000,'1',3);
INSERT INTO Property (street, unit, zipcode, owner, contact, startDate, endDate, price, available, numOfRoommates) VALUES ('5248 12th St','4','32602','James Marge','jamesmarge@ufl.edu',STR_TO_DATE('07/28/25', '%m/%d/%y'),STR_TO_DATE('03/20/26', '%m/%d/%y'),3000,'1',1);
INSERT INTO Property (street, unit, zipcode, owner, contact, startDate, endDate, price, available, numOfRoommates) VALUES ('3637 7th Street','12','32606','Philip Blake','philipblake@ufl.edu',STR_TO_DATE('07/04/25', '%m/%d/%y'),STR_TO_DATE('06/03/26', '%m/%d/%y'),3800,'1',0);
INSERT INTO Property (street, unit, zipcode, owner, contact, startDate, endDate, price, available, numOfRoommates) VALUES ('2001 13th Boulevard','7','32612','Samantha James','samanthajames@ufl.edu',STR_TO_DATE('06/02/25', '%m/%d/%y'),STR_TO_DATE('02/01/26', '%m/%d/%y'),1900,'1',0);
INSERT INTO Property (street, unit, zipcode, owner, contact, startDate, endDate, price, available, numOfRoommates) VALUES ('5806 17th Blvd','15','32602','Mike Lamar','mikelamar@ufl.edu',STR_TO_DATE('01/30/25', '%m/%d/%y'),STR_TO_DATE('08/14/25', '%m/%d/%y'),3200,'0',2);
INSERT INTO Property (street, unit, zipcode, owner, contact, startDate, endDate, price, available, numOfRoommates) VALUES ('4505 5th Ln','19','32609','Bill Chessie','billchessie@ufl.edu',STR_TO_DATE('12/27/24', '%m/%d/%y'),STR_TO_DATE('09/07/25', '%m/%d/%y'),2300,'1',2);
INSERT INTO Property (street, unit, zipcode, owner, contact, startDate, endDate, price, available, numOfRoommates) VALUES ('4627 19th Blvd','3','32608','Blain Lily','blainlily@ufl.edu',STR_TO_DATE('07/02/25', '%m/%d/%y'),STR_TO_DATE('02/26/26', '%m/%d/%y'),4200,'0',1);
INSERT INTO Property (street, unit, zipcode, owner, contact, startDate, endDate, price, available, numOfRoommates) VALUES ('4564 11th Ave','9','32610','Morgen Christopher','morgenchristopher@ufl.edu',STR_TO_DATE('04/16/25', '%m/%d/%y'),STR_TO_DATE('01/18/26', '%m/%d/%y'),4600,'0',2);
INSERT INTO Property (street, unit, zipcode, owner, contact, startDate, endDate, price, available, numOfRoommates) VALUES ('2753 17th Blvd','17','32609','Florida Joe','floridajoe@ufl.edu',STR_TO_DATE('05/24/25', '%m/%d/%y'),STR_TO_DATE('04/27/26', '%m/%d/%y'),4200,'1',3);
INSERT INTO Property (street, unit, zipcode, owner, contact, startDate, endDate, price, available, numOfRoommates) VALUES ('2000 13th Lane','17','32601','Obama Blain','obamablain@ufl.edu',STR_TO_DATE('02/21/25', '%m/%d/%y'),STR_TO_DATE('08/10/25', '%m/%d/%y'),2900,'1',3);
INSERT INTO Property (street, unit, zipcode, owner, contact, startDate, endDate, price, available, numOfRoommates) VALUES ('4577 12th St','8','32608','Richardson Simpson','richardsonsimpson@ufl.edu',STR_TO_DATE('04/16/25', '%m/%d/%y'),STR_TO_DATE('02/10/26', '%m/%d/%y'),4000,'1',0);
INSERT INTO Property (street, unit, zipcode, owner, contact, startDate, endDate, price, available, numOfRoommates) VALUES ('2918 12th Avenue','6','32607','Morgen Aelly','morgenaelly@ufl.edu',STR_TO_DATE('08/29/25', '%m/%d/%y'),STR_TO_DATE('02/20/26', '%m/%d/%y'),1700,'1',2);
INSERT INTO Property (street, unit, zipcode, owner, contact, startDate, endDate, price, available, numOfRoommates) VALUES ('4650 18th Boulevard','14','32607','Ishaan Samantha','ishaansamantha@ufl.edu',STR_TO_DATE('09/19/25', '%m/%d/%y'),STR_TO_DATE('03/19/26', '%m/%d/%y'),2300,'1',1);
INSERT INTO Property (street, unit, zipcode, owner, contact, startDate, endDate, price, available, numOfRoommates) VALUES ('4189 14th Boulevard','7','32608','RobGoku Jackson','robgokujackson@ufl.edu',STR_TO_DATE('07/01/25', '%m/%d/%y'),STR_TO_DATE('05/22/26', '%m/%d/%y'),1900,'1',1);
INSERT INTO Property (street, unit, zipcode, owner, contact, startDate, endDate, price, available, numOfRoommates) VALUES ('4075 10th Blvd','10','32612','Marge Lindsay','margelindsay@ufl.edu',STR_TO_DATE('08/10/25', '%m/%d/%y'),STR_TO_DATE('04/29/26', '%m/%d/%y'),1500,'0',4);
INSERT INTO Property (street, unit, zipcode, owner, contact, startDate, endDate, price, available, numOfRoommates) VALUES ('4328 19th Lane','19','32612','Joanne Andrea','joanneandrea@ufl.edu',STR_TO_DATE('06/28/25', '%m/%d/%y'),STR_TO_DATE('05/02/26', '%m/%d/%y'),4400,'1',2);
INSERT INTO Property (street, unit, zipcode, owner, contact, startDate, endDate, price, available, numOfRoommates) VALUES ('2823 16th Ave','12','32608','Richardson Simpson','richardsonsimpson@ufl.edu',STR_TO_DATE('11/04/25', '%m/%d/%y'),STR_TO_DATE('09/17/26', '%m/%d/%y'),1600,'1',4);
INSERT INTO Property (street, unit, zipcode, owner, contact, startDate, endDate, price, available, numOfRoommates) VALUES ('5303 7th Ln','13','32602','Charlie Morgan','charliemorgan@ufl.edu',STR_TO_DATE('04/05/25', '%m/%d/%y'),STR_TO_DATE('10/29/25', '%m/%d/%y'),2000,'0',0);
INSERT INTO Property (street, unit, zipcode, owner, contact, startDate, endDate, price, available, numOfRoommates) VALUES ('2105 12th Ave','9','32611','Andrew Sam','andrewsam@ufl.edu',STR_TO_DATE('02/07/25', '%m/%d/%y'),STR_TO_DATE('01/13/26', '%m/%d/%y'),3300,'1',0);
INSERT INTO Property (street, unit, zipcode, owner, contact, startDate, endDate, price, available, numOfRoommates) VALUES ('3620 15th Lane','1','32605','Rich Spider','richspider@ufl.edu',STR_TO_DATE('03/15/25', '%m/%d/%y'),STR_TO_DATE('08/05/25', '%m/%d/%y'),5000,'1',2);
INSERT INTO Property (street, unit, zipcode, owner, contact, startDate, endDate, price, available, numOfRoommates) VALUES ('5346 15th Blvd','17','32612','Joe Smith','joesmith@ufl.edu',STR_TO_DATE('03/19/25', '%m/%d/%y'),STR_TO_DATE('12/03/25', '%m/%d/%y'),3700,'0',1);
INSERT INTO Property (street, unit, zipcode, owner, contact, startDate, endDate, price, available, numOfRoommates) VALUES ('4166 9th St','1','32611','Obama Blain','obamablain@ufl.edu',STR_TO_DATE('10/10/25', '%m/%d/%y'),STR_TO_DATE('05/04/26', '%m/%d/%y'),3800,'1',0);
INSERT INTO Property (street, unit, zipcode, owner, contact, startDate, endDate, price, available, numOfRoommates) VALUES ('4310 10th St','2','32608','Andrew Doug','andrewdoug@ufl.edu',STR_TO_DATE('02/10/25', '%m/%d/%y'),STR_TO_DATE('08/20/25', '%m/%d/%y'),4700,'1',1);
INSERT INTO Property (street, unit, zipcode, owner, contact, startDate, endDate, price, available, numOfRoommates) VALUES ('1076 8th St','7','32606','Levi Farmer','levifarmer@ufl.edu',STR_TO_DATE('05/18/25', '%m/%d/%y'),STR_TO_DATE('11/09/25', '%m/%d/%y'),4400,'1',3);
INSERT INTO Property (street, unit, zipcode, owner, contact, startDate, endDate, price, available, numOfRoommates) VALUES ('3440 20th Street','20','32606','James Queen','jamesqueen@ufl.edu',STR_TO_DATE('01/05/25', '%m/%d/%y'),STR_TO_DATE('07/02/25', '%m/%d/%y'),3600,'1',1);
INSERT INTO Property (street, unit, zipcode, owner, contact, startDate, endDate, price, available, numOfRoommates) VALUES ('4306 5th Boulevard','8','32602','Philip Blake','philipblake@ufl.edu',STR_TO_DATE('03/11/25', '%m/%d/%y'),STR_TO_DATE('12/22/25', '%m/%d/%y'),4200,'0',2);
INSERT INTO Property (street, unit, zipcode, owner, contact, startDate, endDate, price, available, numOfRoommates) VALUES ('1984 14th Ln','1','32602','Mia Alwardi','miaalwardi@ufl.edu',STR_TO_DATE('11/08/25', '%m/%d/%y'),STR_TO_DATE('09/17/26', '%m/%d/%y'),1700,'1',0);
INSERT INTO Property (street, unit, zipcode, owner, contact, startDate, endDate, price, available, numOfRoommates) VALUES ('5517 15th Ave','5','32608','Johnston Blake','johnstonblake@ufl.edu',STR_TO_DATE('04/17/25', '%m/%d/%y'),STR_TO_DATE('09/10/25', '%m/%d/%y'),2400,'1',2);
INSERT INTO Property (street, unit, zipcode, owner, contact, startDate, endDate, price, available, numOfRoommates) VALUES ('4916 8th St','18','32611','Richardson Simpson','richardsonsimpson@ufl.edu',STR_TO_DATE('05/25/25', '%m/%d/%y'),STR_TO_DATE('12/03/25', '%m/%d/%y'),2800,'1',1);
INSERT INTO Property (street, unit, zipcode, owner, contact, startDate, endDate, price, available, numOfRoommates) VALUES ('1091 17th Lane','13','32602','Yahtzee Jason','yahtzeejason@ufl.edu',STR_TO_DATE('10/27/25', '%m/%d/%y'),STR_TO_DATE('04/11/26', '%m/%d/%y'),4000,'1',1);
INSERT INTO Property (street, unit, zipcode, owner, contact, startDate, endDate, price, available, numOfRoommates) VALUES ('1803 10th Ave','10','32602','Mike Johnston','mikejohnston@ufl.edu',STR_TO_DATE('12/05/24', '%m/%d/%y'),STR_TO_DATE('11/04/25', '%m/%d/%y'),3200,'0',4);
INSERT INTO Property (street, unit, zipcode, owner, contact, startDate, endDate, price, available, numOfRoommates) VALUES ('1447 10th St','11','32608','Allie Gomez','alliegomez@ufl.edu',STR_TO_DATE('03/06/25', '%m/%d/%y'),STR_TO_DATE('01/07/26', '%m/%d/%y'),2400,'0',2);
INSERT INTO Property (street, unit, zipcode, owner, contact, startDate, endDate, price, available, numOfRoommates) VALUES ('1526 15th Ln','4','32601','Joanne Eren','joanneeren@ufl.edu',STR_TO_DATE('03/06/25', '%m/%d/%y'),STR_TO_DATE('09/20/25', '%m/%d/%y'),4800,'0',2);
INSERT INTO Property (street, unit, zipcode, owner, contact, startDate, endDate, price, available, numOfRoommates) VALUES ('4592 4th Avenue','16','32612','Ishaan Samantha','ishaansamantha@ufl.edu',STR_TO_DATE('05/24/25', '%m/%d/%y'),STR_TO_DATE('01/30/26', '%m/%d/%y'),4600,'1',4);
INSERT INTO Property (street, unit, zipcode, owner, contact, startDate, endDate, price, available, numOfRoommates) VALUES ('2061 13th Street','17','32610','Hernandez Hannah','hernandezhannah@ufl.edu',STR_TO_DATE('01/26/25', '%m/%d/%y'),STR_TO_DATE('11/16/25', '%m/%d/%y'),4200,'0',4);
INSERT INTO Property (street, unit, zipcode, owner, contact, startDate, endDate, price, available, numOfRoommates) VALUES ('5354 13th Ave','12','32606','Bill Frank','billfrank@ufl.edu',STR_TO_DATE('02/24/25', '%m/%d/%y'),STR_TO_DATE('09/01/25', '%m/%d/%y'),1500,'1',3);
INSERT INTO Property (street, unit, zipcode, owner, contact, startDate, endDate, price, available, numOfRoommates) VALUES ('2189 9th Blvd','7','32608','Levi Eren','levieren@ufl.edu',STR_TO_DATE('06/28/25', '%m/%d/%y'),STR_TO_DATE('05/11/26', '%m/%d/%y'),2200,'1',0);
INSERT INTO Property (street, unit, zipcode, owner, contact, startDate, endDate, price, available, numOfRoommates) VALUES ('1848 14th St','8','32602','Ishaan Samantha','ishaansamantha@ufl.edu',STR_TO_DATE('04/08/25', '%m/%d/%y'),STR_TO_DATE('10/15/25', '%m/%d/%y'),1900,'0',3);
INSERT INTO Property (street, unit, zipcode, owner, contact, startDate, endDate, price, available, numOfRoommates) VALUES ('5323 14th St','14','32605','Skywalker Georgina','skywalkergeorgina@ufl.edu',STR_TO_DATE('06/09/25', '%m/%d/%y'),STR_TO_DATE('12/25/25', '%m/%d/%y'),2800,'0',4);
INSERT INTO Property (street, unit, zipcode, owner, contact, startDate, endDate, price, available, numOfRoommates) VALUES ('3734 14th St','7','32608','Skywalker Georgina','skywalkergeorgina@ufl.edu',STR_TO_DATE('01/05/25', '%m/%d/%y'),STR_TO_DATE('08/25/25', '%m/%d/%y'),3200,'0',3);
INSERT INTO Property (street, unit, zipcode, owner, contact, startDate, endDate, price, available, numOfRoommates) VALUES ('5557 10th Boulevard','18','32607','Rich Jane','richjane@ufl.edu',STR_TO_DATE('07/11/25', '%m/%d/%y'),STR_TO_DATE('02/21/26', '%m/%d/%y'),3700,'0',3);
INSERT INTO Property (street, unit, zipcode, owner, contact, startDate, endDate, price, available, numOfRoommates) VALUES ('4301 12th Blvd','17','32602','Dogg Julia','doggjulia@ufl.edu',STR_TO_DATE('07/03/25', '%m/%d/%y'),STR_TO_DATE('03/27/26', '%m/%d/%y'),2700,'0',2);
INSERT INTO Property (street, unit, zipcode, owner, contact, startDate, endDate, price, available, numOfRoommates) VALUES ('2001 5th Ln','13','32608','Mario Luigi','marioluigi@ufl.edu',STR_TO_DATE('02/25/25', '%m/%d/%y'),STR_TO_DATE('09/28/25', '%m/%d/%y'),2000,'0',0);
INSERT INTO Property (street, unit, zipcode, owner, contact, startDate, endDate, price, available, numOfRoommates) VALUES ('2220 15th Lane','19','32605','Christopher Charlie','christophercharlie@ufl.edu',STR_TO_DATE('03/21/25', '%m/%d/%y'),STR_TO_DATE('09/03/25', '%m/%d/%y'),4100,'0',1);
INSERT INTO Property (street, unit, zipcode, owner, contact, startDate, endDate, price, available, numOfRoommates) VALUES ('1363 6th Boulevard','1','32605','Hernandez Christopher','hernandezchristopher@ufl.edu',STR_TO_DATE('05/31/25', '%m/%d/%y'),STR_TO_DATE('03/05/26', '%m/%d/%y'),4000,'0',1);
INSERT INTO Property (street, unit, zipcode, owner, contact, startDate, endDate, price, available, numOfRoommates) VALUES ('5465 20th Lane','11','32606','Sally Pork','sallypork@ufl.edu',STR_TO_DATE('09/25/25', '%m/%d/%y'),STR_TO_DATE('09/06/26', '%m/%d/%y'),1900,'1',3);
INSERT INTO Property (street, unit, zipcode, owner, contact, startDate, endDate, price, available, numOfRoommates) VALUES ('3864 14th Avenue','4','32608','Mann Maxwell','mannmaxwell@ufl.edu',STR_TO_DATE('07/23/25', '%m/%d/%y'),STR_TO_DATE('03/09/26', '%m/%d/%y'),1200,'1',1);
INSERT INTO Bookmarks (email, street, unit , zipcode) VALUES ('blakejane@ufl.edu', '4580 6th Street', '16', '32604');
INSERT INTO Bookmarks (email, street, unit , zipcode) VALUES ('eriksoncharlie@ufl.edu', '1889 12th Lane', '3', '32609');
INSERT INTO Bookmarks (email, street, unit , zipcode) VALUES ('blakechloe@ufl.edu', '2964 6th Avenue', '13', '32612');
INSERT INTO Bookmarks (email, street, unit , zipcode) VALUES ('richardsonsimpson@ufl.edu', '3827 4th St', '2', '32610');
INSERT INTO Bookmarks (email, street, unit , zipcode) VALUES ('joebanks@ufl.edu', '5192 12th Ave', '10', '32603');
INSERT INTO Bookmarks (email, street, unit , zipcode) VALUES ('yahtzeejason@ufl.edu', '4106 18th Avenue', '19', '32602');
INSERT INTO Bookmarks (email, street, unit , zipcode) VALUES ('joanneandrea@ufl.edu', '4565 15th Lane', '16', '32604');
INSERT INTO Bookmarks (email, street, unit , zipcode) VALUES ('morgenchristopher@ufl.edu', '5167 19th Avenue', '8', '32601');
INSERT INTO Bookmarks (email, street, unit , zipcode) VALUES ('jamesmarge@ufl.edu', '3422 7th Boulevard', '3', '32601');
INSERT INTO Bookmarks (email, street, unit , zipcode) VALUES ('billchessie@ufl.edu', '4505 5th Ln', '19', '32609');
INSERT INTO Bookmarks (email, street, unit , zipcode) VALUES ('morgenchristopher@ufl.edu', '4564 11th Ave', '9', '32610');
INSERT INTO Bookmarks (email, street, unit , zipcode) VALUES ('floridajoe@ufl.edu', '2753 17th Blvd', '17', '32609');
INSERT INTO Bookmarks (email, street, unit , zipcode) VALUES ('ishaansamantha@ufl.edu', '4650 18th Boulevard', '14', '32607');
INSERT INTO Bookmarks (email, street, unit , zipcode) VALUES ('margelindsay@ufl.edu', '4075 10th Blvd', '10', '32612');
INSERT INTO Bookmarks (email, street, unit , zipcode) VALUES ('joanneandrea@ufl.edu', '4328 19th Lane', '19', '32612');
INSERT INTO Bookmarks (email, street, unit , zipcode) VALUES ('richardsonsimpson@ufl.edu', '2823 16th Ave', '12', '32608');
INSERT INTO Bookmarks (email, street, unit , zipcode) VALUES ('richspider@ufl.edu', '3620 15th Lane', '1', '32605');
INSERT INTO Bookmarks (email, street, unit , zipcode) VALUES ('joesmith@ufl.edu', '5346 15th Blvd', '17', '32612');
INSERT INTO Bookmarks (email, street, unit , zipcode) VALUES ('philipblake@ufl.edu', '4306 5th Boulevard', '8', '32602');
INSERT INTO Bookmarks (email, street, unit , zipcode) VALUES ('yahtzeejason@ufl.edu', '1091 17th Lane', '13', '32602');
INSERT INTO Bookmarks (email, street, unit , zipcode) VALUES ('hernandezhannah@ufl.edu', '2061 13th Street', '17', '32610');
INSERT INTO Bookmarks (email, street, unit , zipcode) VALUES ('levieren@ufl.edu', '2189 9th Blvd', '7', '32608');
INSERT INTO Bookmarks (email, street, unit , zipcode) VALUES ('skywalkergeorgina@ufl.edu', '3734 14th St', '7', '32608');
INSERT INTO Bookmarks (email, street, unit , zipcode) VALUES ('doggjulia@ufl.edu', '4301 12th Blvd', '17', '32602');
INSERT INTO Bookmarks (email, street, unit , zipcode) VALUES ('hernandezchristopher@ufl.edu', '1363 6th Boulevard', '1', '32605');
